{"cameraMode":{"drawMode":0,"name":"Shaded","section":"Shading Mode"},"sceneLighting":true,"audioPlay":false,"sceneViewState":{"showFog":false,"showMaterialUpdate":false,"showSkybox":false,"showFlares":false,"showImageEffects":false,"showParticleSystems":true},"in2DMode":false,"pivot":{"x":-13.430192947387696,"y":1.7678725719451905,"z":1.46000075340271},"rotation":{"x":0.0901394635438919,"y":0.06048014760017395,"z":-0.005483388900756836,"w":0.9940759539604187},"size":7.860069274902344,"orthographic":true}