{"cameraMode":{"drawMode":0,"name":"Shaded","section":"Shading Mode"},"sceneLighting":true,"audioPlay":false,"sceneViewState":{"showFog":false,"showMaterialUpdate":false,"showSkybox":false,"showFlares":false,"showImageEffects":false,"showParticleSystems":true},"in2DMode":false,"pivot":{"x":3.77413010597229,"y":0.7876617908477783,"z":2.4221627712249758},"rotation":{"x":0.1837858259677887,"y":-0.10915932059288025,"z":0.020541800186038019,"w":0.9766704440116882},"size":3.4254648685455324,"orthographic":true}