{"cameraMode":{"drawMode":0,"name":"Shaded","section":"Shading Mode"},"sceneLighting":true,"audioPlay":false,"sceneViewState":{"showFog":false,"showMaterialUpdate":false,"showSkybox":false,"showFlares":false,"showImageEffects":false,"showParticleSystems":true},"in2DMode":false,"pivot":{"x":2.849107027053833,"y":-0.07001794874668122,"z":-0.025505095720291139},"rotation":{"x":0.23373204469680787,"y":-0.011213927529752255,"z":0.002697583520784974,"w":0.9722326397895813},"size":16.995819091796876,"orthographic":false}