{"cameraMode":{"drawMode":0,"name":"Shaded","section":"Shading Mode"},"sceneLighting":true,"audioPlay":false,"sceneViewState":{"showFog":false,"showMaterialUpdate":false,"showSkybox":false,"showFlares":false,"showImageEffects":false,"showParticleSystems":true},"in2DMode":false,"pivot":{"x":1.5337493419647217,"y":0.5382179617881775,"z":-2.6882779598236086},"rotation":{"x":-0.0004007639945484698,"y":0.9991310238838196,"z":-0.04048704728484154,"w":-0.009889518842101097},"size":1.6937804222106934,"orthographic":true}