{"cameraMode":{"drawMode":0,"name":"Shaded","section":"Shading Mode"},"sceneLighting":true,"audioPlay":false,"sceneViewState":{"showFog":false,"showMaterialUpdate":false,"showSkybox":false,"showFlares":false,"showImageEffects":false,"showParticleSystems":true},"in2DMode":false,"pivot":{"x":0.22564223408699037,"y":5.330808162689209,"z":5.964262008666992},"rotation":{"x":0.21373417973518372,"y":-0.09462139010429383,"z":0.020806582644581796,"w":0.9720759391784668},"size":23.859663009643556,"orthographic":false}